<?xml version="1.0" encoding="UTF-8"?>
<project-private xmlns="http://www.netbeans.org/ns/project-private/1">
    <editor-bookmarks xmlns="http://www.netbeans.org/ns/editor-bookmarks/2" lastBookmarkId="0"/>
    <open-files xmlns="http://www.netbeans.org/ns/projectui-open-files/2">
        <group>
            <file>file:/D:/ISP392-ISPerfume/ISP392-ISPerfumeNew/src/java/isp392/cart/CartDetailDTO.java</file>
            <file>file:/D:/ISP392-ISPerfume/ISP392-ISPerfumeNew/src/java/isp392/blog/BlogDTO.java</file>
            <file>file:/D:/ISP392-ISPerfume/ISP392-ISPerfumeNew/src/java/isp392/order/OrderDTO.java</file>
            <file>file:/D:/ISP392-ISPerfume/ISP392-ISPerfumeNew/src/java/isp392/cart/CartDTO.java</file>
            <file>file:/D:/ISP392-ISPerfume/ISP392-ISPerfumeNew/src/java/isp392/cart/ViewCartDTO.java</file>
            <file>file:/D:/ISP392-ISPerfume/ISP392-ISPerfumeNew/src/java/isp392/order/OrderDetailDTO.java</file>
        </group>
        <group>
            <file>file:/C:/Games/ISP392-ISPerfume/ISP392-ISPerfumeNew/web/shopping.jsp</file>
            <file>file:/C:/Games/ISP392-ISPerfume/ISP392-ISPerfumeNew/src/java/isp392/controllers/AddToCartController.java</file>
            <file>file:/C:/Games/ISP392-ISPerfume/ISP392-ISPerfumeNew/src/java/isp392/controllers/NavigateProductDetailController.java</file>
            <file>file:/C:/Games/ISP392-ISPerfume/ISP392-ISPerfumeNew/src/java/isp392/controllers/NavigateShoppingController.java</file>
            <file>file:/C:/Games/ISP392-ISPerfume/ISP392-ISPerfumeNew/src/java/isp392/product/ProductDetailDAO.java</file>
            <file>file:/C:/Games/ISP392-ISPerfume/ISP392-ISPerfumeNew/src/java/isp392/cart/CartDAO.java</file>
            <file>file:/C:/Games/ISP392-ISPerfume/ISP392-ISPerfumeNew/src/java/isp392/controllers/CategoryController.java</file>
            <file>file:/C:/Games/ISP392-ISPerfume/ISP392-ISPerfumeNew/src/java/isp392/product/ProductDAO.java</file>
            <file>file:/C:/Games/ISP392-ISPerfume/ISP392-ISPerfumeNew/src/java/isp392/controllers/NavigateToCartController.java</file>
            <file>file:/C:/Games/ISP392-ISPerfume/ISP392-ISPerfumeNew/web/productDetail.jsp</file>
            <file>file:/C:/Games/ISP392-ISPerfume/ISP392-ISPerfumeNew/web/cart.jsp</file>
            <file>file:/C:/Games/ISP392-ISPerfume/ISP392-ISPerfumeNew/src/java/isp392/product/ProductDetailDTO.java</file>
        </group>
        <group>
            <file>file:/C:/Games/ISP392-ISPerfume/ISP392-ISPerfumeNew/web/shopping.jsp</file>
            <file>file:/C:/Games/ISP392-ISPerfume/ISP392-ISPerfumeNew/src/java/isp392/controllers/ForgetPasswordController.java</file>
            <file>file:/C:/Games/ISP392-ISPerfume/ISP392-ISPerfumeNew/web/forgotPassword.jsp</file>
            <file>file:/C:/Games/ISP392-ISPerfume/ISP392-ISPerfumeNew/src/java/isp392/controllers/NavigateProductDetailController.java</file>
            <file>file:/C:/Games/ISP392-ISPerfume/ISP392-ISPerfumeNew/src/java/isp392/cart/CartDAO.java</file>
            <file>file:/C:/Games/ISP392-ISPerfume/ISP392-ISPerfumeNew/src/java/isp392/controllers/CategoryController.java</file>
            <file>file:/C:/Games/ISP392-ISPerfume/ISP392-ISPerfumeNew/src/java/isp392/user/UserDAO.java</file>
            <file>file:/C:/Games/ISP392-ISPerfume/ISP392-ISPerfumeNew/web/verifyOTP.jsp</file>
            <file>file:/C:/Games/ISP392-ISPerfume/ISP392-ISPerfumeNew/src/java/isp392/product/ProductDetailDTO.java</file>
            <file>file:/C:/Games/ISP392-ISPerfume/ISP392-ISPerfumeNew/src/java/isp392/controllers/NavigateRelatedProductDetailController.java</file>
            <file>file:/C:/Games/ISP392-ISPerfume/ISP392-ISPerfumeNew/src/java/isp392/controllers/AddToCartController.java</file>
            <file>file:/C:/Games/ISP392-ISPerfume/ISP392-ISPerfumeNew/src/java/isp392/controllers/NavigateShoppingController.java</file>
            <file>file:/C:/Games/ISP392-ISPerfume/ISP392-ISPerfumeNew/src/java/isp392/product/ProductDetailDAO.java</file>
            <file>file:/C:/Games/ISP392-ISPerfume/ISP392-ISPerfumeNew/src/java/isp392/product/ProductDAO.java</file>
            <file>file:/C:/Games/ISP392-ISPerfume/ISP392-ISPerfumeNew/src/java/isp392/controllers/NavigateToCartController.java</file>
            <file>file:/C:/Games/ISP392-ISPerfume/ISP392-ISPerfumeNew/src/java/isp392/controllers/CreateNewUserCustomerController.java</file>
            <file>file:/C:/Games/ISP392-ISPerfume/ISP392-ISPerfumeNew/web/productDetail.jsp</file>
            <file>file:/C:/Games/ISP392-ISPerfume/ISP392-ISPerfumeNew/web/cart.jsp</file>
            <file>file:/C:/Games/ISP392-ISPerfume/ISP392-ISPerfumeNew/src/java/isp392/controllers/UpdatePromotionController.java</file>
            <file>file:/C:/Games/ISP392-ISPerfume/ISP392-ISPerfumeNew/src/java/isp392/controllers/VerifyOTPController.java</file>
        </group>
        <group>
            <file>file:/C:/Games/ISP392-ISPerfume/ISP392-ISPerfumeNew/src/java/isp392/controllers/ZaloPaymentController.java</file>
        </group>
        <group>
            <file>file:/C:/Games/ISP392-ISPerfume/ISP392-ISPerfumeNew/src/java/isp392/controllers/ShowOrderDetailStaff.java</file>
            <file>file:/C:/Games/ISP392-ISPerfume/ISP392-ISPerfumeNew/src/java/isp392/utils/HexStringUtil.java</file>
            <file>file:/C:/Games/ISP392-ISPerfume/ISP392-ISPerfumeNew/web/STAFF_OrderManagement.jsp</file>
            <file>file:/C:/Games/ISP392-ISPerfume/ISP392-ISPerfumeNew/src/java/isp392/user/UserDAO.java</file>
            <file>file:/C:/Games/ISP392-ISPerfume/ISP392-ISPerfumeNew/src/java/isp392/utils/DBUtils.java</file>
            <file>file:/C:/Games/ISP392-ISPerfume/ISP392-ISPerfumeNew/web/testZaloPay.jsp</file>
            <file>file:/C:/Games/ISP392-ISPerfume/ISP392-ISPerfumeNew/src/java/isp392/controllers/NavigateShoppingController.java</file>
            <file>file:/C:/Games/ISP392-ISPerfume/ISP392-ISPerfumeNew/src/java/isp392/order/OrderDAO.java</file>
            <file>file:/C:/Games/ISP392-ISPerfume/ISP392-ISPerfumeNew/src/java/isp392/controllers/LoginGoogleController.java</file>
            <file>file:/C:/Games/ISP392-ISPerfume/ISP392-ISPerfumeNew/src/java/isp392/controllers/ZaloPaymentController.java</file>
            <file>file:/C:/Games/ISP392-ISPerfume/ISP392-ISPerfumeNew/web/MGR_Dashboard.jsp</file>
            <file>file:/C:/Games/ISP392-ISPerfume/ISP392-ISPerfumeNew/src/java/isp392/utils/HMACUtil.java</file>
            <file>file:/C:/Games/ISP392-ISPerfume/ISP392-ISPerfumeNew/web/changePassword.jsp</file>
            <file>file:/C:/Games/ISP392-ISPerfume/ISP392-ISPerfumeNew/src/java/isp392/product/ProductDAO.java</file>
            <file>file:/C:/Games/ISP392-ISPerfume/ISP392-ISPerfumeNew/src/java/isp392/controllers/BrandFilterController.java</file>
            <file>file:/C:/Games/ISP392-ISPerfume/ISP392-ISPerfumeNew/src/java/isp392/controllers/VerifyOTPController.java</file>
            <file>file:/C:/Games/ISP392-ISPerfume/ISP392-ISPerfumeNew/src/java/isp392/controllers/ZaloPayCallBackController.java</file>
            <file>file:/C:/Games/ISP392-ISPerfume/ISP392-ISPerfumeNew/src/java/isp392/controllers/AssignShipperStaffController.java</file>
        </group>
        <group>
            <file>file:/C:/Games/ISP392-ISPerfume/ISP392-ISPerfumeNew/src/java/isp392/controllers/AssignShipperStaffController.java</file>
        </group>
        <group>
            <file>file:/D:/4-ISP392/ISP392-ISPerfume/ISP392-ISPerfumeNew/web/MGR_ProductManagement.jsp</file>
            <file>file:/D:/4-ISP392/ISP392-ISPerfume/ISP392-ISPerfumeNew/src/java/isp392/order/OrderDAO.java</file>
            <file>file:/D:/4-ISP392/ISP392-ISPerfume/ISP392-ISPerfumeNew/web/MGR_Dashboard.jsp</file>
            <file>file:/D:/4-ISP392/ISP392-ISPerfume/ISP392-ISPerfumeNew/src/java/isp392/controllers/ListDashboardController.java</file>
            <file>file:/D:/4-ISP392/ISP392-ISPerfume/ISP392-ISPerfumeNew/web/home.jsp</file>
            <file>file:/D:/4-ISP392/ISP392-ISPerfume/ISP392-ISPerfumeNew/web/AD_AccountManagement.jsp</file>
            <file>file:/D:/4-ISP392/ISP392-ISPerfume/ISP392-ISPerfumeNew/src/java/isp392/order/OrderDTO.java</file>
        </group>
        <group>
            <file>file:/D:/Document_D/GitKraken/08_10new/ISP392-ISPerfumeNew/src/java/isp392/controllers/CreateBlogManager.java</file>
            <file>file:/D:/Document_D/GitKraken/08_10new/ISP392-ISPerfumeNew/src/java/isp392/brand/BrandDAO.java</file>
            <file>file:/D:/Document_D/GitKraken/08_10new/ISP392-ISPerfumeNew/web/MGR_CreateProduct.jsp</file>
            <file>file:/D:/Document_D/GitKraken/08_10new/ISP392-ISPerfumeNew/src/java/isp392/controllers/CreateProductDetailManager.java</file>
            <file>file:/D:/Document_D/GitKraken/08_10new/ISP392-ISPerfumeNew/src/java/isp392/blog/BlogDAO.java</file>
            <file>file:/D:/Document_D/GitKraken/08_10new/ISP392-ISPerfumeNew/src/java/isp392/controllers/MainController.java</file>
            <file>file:/D:/Document_D/GitKraken/08_10new/ISP392-ISPerfumeNew/src/java/isp392/blog/BlogDTO.java</file>
            <file>file:/D:/Document_D/GitKraken/08_10new/ISP392-ISPerfumeNew/src/java/isp392/controllers/CreateBrandManager.java</file>
            <file>file:/D:/Document_D/GitKraken/08_10new/ISP392-ISPerfumeNew/web/MGR_CreateProductDetail.jsp</file>
            <file>file:/D:/Document_D/GitKraken/08_10new/ISP392-ISPerfumeNew/web/STAFF_CreateBlog.jsp</file>
            <file>file:/D:/Document_D/GitKraken/08_10new/ISP392-ISPerfumeNew/src/java/isp392/product/ProductDetailDAO.java</file>
            <file>file:/D:/4-ISP392/ISP392-ISPerfume/ISP392-ISPerfumeNew/src/java/isp392/order/OrderDAO.java</file>
            <file>file:/D:/4-ISP392/ISP392-ISPerfume/ISP392-ISPerfumeNew/src/java/isp392/controllers/MainController.java</file>
            <file>file:/D:/4-ISP392/ISP392-ISPerfume/ISP392-ISPerfumeNew/src/java/isp392/controllers/SHIPPER_UpdateStatusOrderController.java</file>
            <file>file:/D:/4-ISP392/ISP392-ISPerfume/ISP392-ISPerfumeNew/src/java/isp392/order/OrderDetailDAO.java</file>
            <file>file:/D:/4-ISP392/ISP392-ISPerfume/ISP392-ISPerfumeNew/src/java/isp392/order/OrderDTO.java</file>
        </group>
        <group>
            <file>file:/D:/Document_D/GitKraken/08_10new/ISP392-ISPerfumeNew/web/singleBlog.jsp</file>
            <file>file:/D:/Document_D/GitKraken/08_10new/ISP392-ISPerfumeNew/src/java/isp392/controllers/NavigateBlogController.java</file>
            <file>file:/D:/Document_D/GitKraken/08_10new/ISP392-ISPerfumeNew/web/blog.jsp</file>
            <file>file:/D:/Document_D/GitKraken/08_10new/ISP392-ISPerfumeNew/src/java/isp392/blog/BlogDAO.java</file>
            <file>file:/D:/Document_D/GitKraken/08_10new/ISP392-ISPerfumeNew/src/java/isp392/controllers/MainController.java</file>
            <file>file:/D:/Document_D/GitKraken/08_10new/ISP392-ISPerfumeNew/web/MGR_ProductManagement.jsp</file>
            <file>file:/D:/Document_D/GitKraken/08_10new/ISP392-ISPerfumeNew/src/java/isp392/controllers/ViewSingleBlogController.java</file>
            <file>file:/D:/4-ISP392/ISP392-ISPerfume/ISP392-ISPerfumeNew/src/java/isp392/order/OrderDAO.java</file>
            <file>file:/D:/4-ISP392/ISP392-ISPerfume/ISP392-ISPerfumeNew/src/java/isp392/controllers/MainController.java</file>
            <file>file:/D:/4-ISP392/ISP392-ISPerfume/ISP392-ISPerfumeNew/src/java/isp392/controllers/SHIPPER_UpdateStatusOrderController.java</file>
            <file>file:/D:/4-ISP392/ISP392-ISPerfume/ISP392-ISPerfumeNew/src/java/isp392/order/OrderDetailDTO.java</file>
            <file>file:/D:/4-ISP392/ISP392-ISPerfume/ISP392-ISPerfumeNew/src/java/isp392/order/OrderDetailDAO.java</file>
        </group>
        <group>
            <file>file:/D:/Document_D/GitKraken/08_10new/ISP392-ISPerfumeNew/web/singleBlog.jsp</file>
            <file>file:/D:/Document_D/GitKraken/08_10new/ISP392-ISPerfumeNew/src/java/isp392/controllers/NavigateBlogController.java</file>
            <file>file:/D:/Document_D/GitKraken/08_10new/ISP392-ISPerfumeNew/web/blog.jsp</file>
            <file>file:/D:/Document_D/GitKraken/08_10new/ISP392-ISPerfumeNew/web/home.jsp</file>
            <file>file:/D:/Document_D/GitKraken/08_10new/ISP392-ISPerfumeNew/src/java/isp392/blog/BlogDAO.java</file>
            <file>file:/D:/Document_D/GitKraken/08_10new/ISP392-ISPerfumeNew/src/java/isp392/controllers/MainController.java</file>
            <file>file:/D:/Document_D/GitKraken/08_10new/ISP392-ISPerfumeNew/web/MGR_ProductManagement.jsp</file>
            <file>file:/D:/Document_D/GitKraken/08_10new/ISP392-ISPerfumeNew/src/java/isp392/controllers/ViewSingleBlogController.java</file>
            <file>file:/D:/4-ISP392/ISP392-ISPerfume/ISP392-ISPerfumeNew/web/SHIPPER_OrderDetailManagement.jsp</file>
            <file>file:/D:/4-ISP392/ISP392-ISPerfume/ISP392-ISPerfumeNew/web/MGR_Dashboard.jsp</file>
            <file>file:/D:/4-ISP392/ISP392-ISPerfume/ISP392-ISPerfumeNew/src/java/isp392/controllers/SHIPPER_ViewOrderDetailController.java</file>
        </group>
        <group>
            <file>file:/D:/Document_D/GitKraken/08_10new/ISP392-ISPerfumeNew/web/home.jsp</file>
            <file>file:/D:/Document_D/GitKraken/08_10new/ISP392-ISPerfumeNew/web/MGR_ProductManagement.jsp</file>
            <file>file:/D:/4-ISP392/ISP392-ISPerfume/ISP392-ISPerfumeNew/web/SHIPPER_OrderDetailManagement.jsp</file>
            <file>file:/D:/4-ISP392/ISP392-ISPerfume/ISP392-ISPerfumeNew/web/SHIPPER_OrderManagement.jsp</file>
            <file>file:/D:/4-ISP392/ISP392-ISPerfume/ISP392-ISPerfumeNew/src/java/isp392/order/OrderDetailDTO.java</file>
            <file>file:/D:/4-ISP392/ISP392-ISPerfume/ISP392-ISPerfumeNew/src/java/isp392/order/OrderDetailDAO.java</file>
            <file>file:/D:/4-ISP392/ISP392-ISPerfume/ISP392-ISPerfumeNew/src/java/isp392/order/ShipperOrderDTO.java</file>
            <file>file:/D:/4-ISP392/ISP392-ISPerfume/ISP392-ISPerfumeNew/src/java/isp392/controllers/SHIPPER_ViewOrderDetailController.java</file>
        </group>
        <group/>
        <group/>
        <group/>
        <group>
            <file>file:/D:/4-ISP392/ISP392-ISPerfume/ISP392-ISPerfumeNew/web/MGR_PromotionManagement.jsp</file>
            <file>file:/D:/4-ISP392/ISP392-ISPerfume/ISP392-ISPerfumeNew/web/MGR_Dashboard.jsp</file>
            <file>file:/D:/4-ISP392/ISP392-ISPerfume/ISP392-ISPerfumeNew/src/java/isp392/controllers/SearchUserController.java</file>
            <file>file:/D:/4-ISP392/ISP392-ISPerfume/ISP392-ISPerfumeNew/web/AD_AccountManagement.jsp</file>
            <file>file:/D:/4-ISP392/ISP392-ISPerfume/ISP392-ISPerfumeNew/src/java/isp392/promotion/PromotionDAO.java</file>
            <file>file:/D:/4-ISP392/ISP392-ISPerfume/ISP392-ISPerfumeNew/src/java/isp392/user/UserDAO.java</file>
            <file>file:/D:/4-ISP392/ISP392-ISPerfume/ISP392-ISPerfumeNew/src/java/isp392/controllers/ManagePromotionController.java</file>
        </group>
        <group>
            <file>file:/D:/4-ISP392/ISP392-ISPerfume/ISP392-ISPerfumeNew/src/java/isp392/product/ProductDAO.java</file>
            <file>file:/D:/4-ISP392/ISP392-ISPerfume/ISP392-ISPerfumeNew/src/java/isp392/order/ShipperOrderDAO.java</file>
            <file>file:/D:/4-ISP392/ISP392-ISPerfume/ISP392-ISPerfumeNew/web/MGR_ProductManagement.jsp</file>
            <file>file:/D:/4-ISP392/ISP392-ISPerfume/ISP392-ISPerfumeNew/src/java/isp392/brand/BrandDAO.java</file>
            <file>file:/D:/4-ISP392/ISP392-ISPerfume/ISP392-ISPerfumeNew/src/java/isp392/controllers/ListDashboardController.java</file>
            <file>file:/D:/4-ISP392/ISP392-ISPerfume/ISP392-ISPerfumeNew/src/java/isp392/promotion/PromotionDAO.java</file>
        </group>
        <group>
            <file>file:/D:/4-ISP392/ISP392-ISPerfume/ISP392-ISPerfumeNew/web/MGR_Dashboard.jsp</file>
        </group>
        <group>
            <file>file:/D:/4-ISP392/ISP392-ISPerfume/ISP392-ISPerfumeNew/web/MGR_Dashboard.jsp</file>
        </group>
        <group>
            <file>file:/D:/Document_D/GitKraken/08_10new/ISP392-ISPerfumeNew/src/java/isp392/controllers/CreateBlogManager.java</file>
            <file>file:/D:/Document_D/GitKraken/08_10new/ISP392-ISPerfumeNew/web/blog.jsp</file>
        </group>
        <group>
            <file>file:/D:/4-ISP392/ISP392-ISPerfume/ISP392-ISPerfumeNew/web/MGR_CreateProduct.jsp</file>
            <file>file:/D:/4-ISP392/ISP392-ISPerfume/ISP392-ISPerfumeNew/web/MGR_CreateBrand.jsp</file>
            <file>file:/D:/4-ISP392/ISP392-ISPerfume/ISP392-ISPerfumeNew/web/MGR_CreateProductDetail.jsp</file>
            <file>file:/D:/4-ISP392/ISP392-ISPerfume/ISP392-ISPerfumeNew/web/MGR_CreatePromotion.jsp</file>
            <file>file:/D:/4-ISP392/ISP392-ISPerfume/ISP392-ISPerfumeNew/web/AD_CreateAccount.jsp</file>
        </group>
        <group>
            <file>file:/D:/4-ISP392/ISP392-ISPerfume/ISP392-ISPerfumeNew/web/MGR_CreateProduct.jsp</file>
            <file>file:/D:/4-ISP392/ISP392-ISPerfume/ISP392-ISPerfumeNew/web/MGR_CreateBrand.jsp</file>
            <file>file:/D:/4-ISP392/ISP392-ISPerfume/ISP392-ISPerfumeNew/web/MGR_CreateProductDetail.jsp</file>
            <file>file:/D:/4-ISP392/ISP392-ISPerfume/ISP392-ISPerfumeNew/web/MGR_CreatePromotion.jsp</file>
            <file>file:/D:/4-ISP392/ISP392-ISPerfume/ISP392-ISPerfumeNew/web/AD_CreateAccount.jsp</file>
        </group>
        <group>
            <file>file:/C:/Games/ISP392-ISPerfume/ISP392-ISPerfumeNew/src/java/isp392/order/OrderDAO.java</file>
            <file>file:/C:/Games/ISP392-ISPerfume/ISP392-ISPerfumeNew/src/java/isp392/controllers/ZaloPaymentController.java</file>
            <file>file:/C:/Games/ISP392-ISPerfume/ISP392-ISPerfumeNew/web/fail.jsp</file>
            <file>file:/C:/Games/ISP392-ISPerfume/ISP392-ISPerfumeNew/web/test.jsp</file>
            <file>file:/C:/Games/ISP392-ISPerfume/ISP392-ISPerfumeNew/src/java/isp392/controllers/NavigateZaloPayment.java</file>
            <file>file:/C:/Games/ISP392-ISPerfume/ISP392-ISPerfumeNew/src/java/isp392/controllers/ZaloPayCallBackController.java</file>
            <file>file:/C:/Games/ISP392-ISPerfume/ISP392-ISPerfumeNew/src/java/isp392/controllers/AssignShipperStaffController.java</file>
        </group>
        <group>
            <file>file:/C:/Games/ISP392-ISPerfume/ISP392-ISPerfumeNew/src/java/isp392/controllers/GetAllInfoForOrder.java</file>
            <file>file:/C:/Games/ISP392-ISPerfume/ISP392-ISPerfumeNew/src/java/isp392/order/OrderDAO.java</file>
            <file>file:/C:/Games/ISP392-ISPerfume/ISP392-ISPerfumeNew/src/java/isp392/controllers/ZaloPaymentController.java</file>
            <file>file:/C:/Games/ISP392-ISPerfume/ISP392-ISPerfumeNew/web/fail.jsp</file>
            <file>file:/C:/Games/ISP392-ISPerfume/ISP392-ISPerfumeNew/web/STAFF_OrderManagement.jsp</file>
            <file>file:/C:/Games/ISP392-ISPerfume/ISP392-ISPerfumeNew/web/test.jsp</file>
            <file>file:/C:/Games/ISP392-ISPerfume/ISP392-ISPerfumeNew/src/java/isp392/controllers/NavigateZaloPayment.java</file>
            <file>file:/C:/Games/ISP392-ISPerfume/ISP392-ISPerfumeNew/src/java/isp392/controllers/ShowAllOrderStaffController.java</file>
            <file>file:/C:/Games/ISP392-ISPerfume/ISP392-ISPerfumeNew/src/java/isp392/controllers/MainController.java</file>
            <file>file:/C:/Games/ISP392-ISPerfume/ISP392-ISPerfumeNew/web/home.jsp</file>
            <file>file:/C:/Games/ISP392-ISPerfume/ISP392-ISPerfumeNew/src/java/isp392/controllers/ZaloPayCallBackController.java</file>
            <file>file:/C:/Games/ISP392-ISPerfume/ISP392-ISPerfumeNew/src/java/isp392/controllers/AssignShipperStaffController.java</file>
        </group>
        <group>
            <file>file:/C:/Games/ISP392-ISPerfume/ISP392-ISPerfumeNew/src/java/isp392/order/OrderDAO.java</file>
            <file>file:/C:/Games/ISP392-ISPerfume/ISP392-ISPerfumeNew/src/java/isp392/controllers/viewOrderHistoryController.java</file>
            <file>file:/C:/Games/ISP392-ISPerfume/ISP392-ISPerfumeNew/src/java/isp392/order/OrderDTO.java</file>
            <file>file:/C:/Games/ISP392-ISPerfume/ISP392-ISPerfumeNew/src/java/isp392/controllers/MainController.java</file>
            <file>file:/C:/Games/ISP392-ISPerfume/ISP392-ISPerfumeNew/web/home.jsp</file>
            <file>file:/C:/Games/ISP392-ISPerfume/ISP392-ISPerfumeNew/web/orderStatus.jsp</file>
            <file>file:/C:/Games/ISP392-ISPerfume/ISP392-ISPerfumeNew/src/java/isp392/controllers/SigninEmployee.java</file>
        </group>
        <group>
            <file>file:/C:/Games/ISP392-ISPerfume/ISP392-ISPerfumeNew/src/java/isp392/controllers/viewOrderHistoryController.java</file>
            <file>file:/C:/Games/ISP392-ISPerfume/ISP392-ISPerfumeNew/web/viewOrderDetail.jsp</file>
        </group>
        <group>
            <file>file:/C:/Games/ISP392-ISPerfume/ISP392-ISPerfumeNew/src/java/isp392/controllers/viewOrderHistoryController.java</file>
            <file>file:/C:/Games/ISP392-ISPerfume/ISP392-ISPerfumeNew/web/STAFF_OrderManagement.jsp</file>
        </group>
        <group>
            <file>file:/C:/Games/ISP392-ISPerfume/ISP392-ISPerfumeNew/src/java/isp392/order/OrderDetailDTO.java</file>
            <file>file:/C:/Games/ISP392-ISPerfume/ISP392-ISPerfumeNew/src/java/isp392/controllers/viewOrderHistoryController.java</file>
            <file>file:/C:/Games/ISP392-ISPerfume/ISP392-ISPerfumeNew/src/java/isp392/order/OrderDAO.java</file>
            <file>file:/C:/Games/ISP392-ISPerfume/ISP392-ISPerfumeNew/web/STAFF_OrderManagement.jsp</file>
            <file>file:/C:/Games/ISP392-ISPerfume/ISP392-ISPerfumeNew/src/java/isp392/controllers/HomeController.java</file>
            <file>file:/C:/Games/ISP392-ISPerfume/ISP392-ISPerfumeNew/src/java/isp392/controllers/MainController.java</file>
            <file>file:/C:/Games/ISP392-ISPerfume/ISP392-ISPerfumeNew/web/home.jsp</file>
            <file>file:/C:/Games/ISP392-ISPerfume/ISP392-ISPerfumeNew/src/java/isp392/controllers/ShowAllBlogManager.java</file>
        </group>
        <group>
            <file>file:/C:/Games/ISP392-ISPerfume/ISP392-ISPerfumeNew/web/orderStatus.jsp</file>
        </group>
        <group>
            <file>file:/D:/ISP392-ISPerfume/ISP392-ISPerfumeNew/src/java/isp392/product/ProductDAO.java</file>
            <file>file:/D:/ISP392-ISPerfume/ISP392-ISPerfumeNew/src/java/isp392/controllers/ListDashboardController.java</file>
            <file>file:/D:/ISP392-ISPerfume/ISP392-ISPerfumeNew/web/MGR_Dashboard.jsp</file>
        </group>
        <group>
            <file>file:/D:/ISP392-ISPerfume/ISP392-ISPerfumeNew/src/java/isp392/controllers/ShowAllBlogManager.java</file>
            <file>file:/D:/ISP392-ISPerfume/ISP392-ISPerfumeNew/web/checkout.jsp</file>
            <file>file:/D:/ISP392-ISPerfume/ISP392-ISPerfumeNew/web/MGR_Dashboard.jsp</file>
            <file>file:/D:/ISP392-ISPerfume/ISP392-ISPerfumeNew/web/STAFF_CreateBlog.jsp</file>
        </group>
        <group>
            <file>file:/D:/ISP392-ISPerfume/ISP392-ISPerfumeNew/src/java/isp392/controllers/ShowAllBlogManager.java</file>
            <file>file:/D:/ISP392-ISPerfume/ISP392-ISPerfumeNew/web/signin.jsp</file>
            <file>file:/D:/ISP392-ISPerfume/ISP392-ISPerfumeNew/web/checkout.jsp</file>
            <file>file:/D:/ISP392-ISPerfume/ISP392-ISPerfumeNew/web/AD_AccountManagement.jsp</file>
            <file>file:/D:/ISP392-ISPerfume/ISP392-ISPerfumeNew/web/MGR_Dashboard.jsp</file>
            <file>file:/D:/ISP392-ISPerfume/ISP392-ISPerfumeNew/web/STAFF_CreateBlog.jsp</file>
            <file>file:/D:/ISP392-ISPerfume/ISP392-ISPerfumeNew/web/cart.jsp</file>
        </group>
        <group>
            <file>file:/D:/ISP392-ISPerfume/ISP392-ISPerfumeNew/web/shopping.jsp</file>
            <file>file:/D:/ISP392-ISPerfume/ISP392-ISPerfumeNew/web/home.jsp</file>
            <file>file:/D:/ISP392-ISPerfume/ISP392-ISPerfumeNew/web/blog.jsp</file>
        </group>
        <group>
            <file>file:/D:/ISP392-ISPerfume/ISP392-ISPerfumeNew/web/home.jsp</file>
            <file>file:/D:/ISP392-ISPerfume/ISP392-ISPerfumeNew/web/blog.jsp</file>
            <file>file:/D:/ISP392-ISPerfume/ISP392-ISPerfumeNew/web/css/style.css</file>
        </group>
        <group>
            <file>file:/D:/ISP392-ISPerfume/ISP392-ISPerfumeNew/web/signin.jsp</file>
            <file>file:/D:/ISP392-ISPerfume/ISP392-ISPerfumeNew/web/fail.jsp</file>
            <file>file:/D:/ISP392-ISPerfume/ISP392-ISPerfumeNew/web/changePasswordForgot.jsp</file>
            <file>file:/D:/ISP392-ISPerfume/ISP392-ISPerfumeNew/web/forgotPassword.jsp</file>
            <file>file:/D:/ISP392-ISPerfume/ISP392-ISPerfumeNew/web/signup.jsp</file>
            <file>file:/D:/ISP392-ISPerfume/ISP392-ISPerfumeNew/web/home.jsp</file>
            <file>file:/D:/ISP392-ISPerfume/ISP392-ISPerfumeNew/web/changePassword.jsp</file>
        </group>
        <group>
            <file>file:/D:/ISP392-ISPerfume/ISP392-ISPerfumeNew/web/productDetail.jsp</file>
            <file>file:/D:/ISP392-ISPerfume/ISP392-ISPerfumeNew/web/STAFF_BlogManagement.jsp</file>
            <file>file:/D:/ISP392-ISPerfume/ISP392-ISPerfumeNew/web/signin.jsp</file>
            <file>file:/D:/ISP392-ISPerfume/ISP392-ISPerfumeNew/web/profile.jsp</file>
            <file>file:/D:/ISP392-ISPerfume/ISP392-ISPerfumeNew/web/blog.jsp</file>
            <file>file:/D:/ISP392-ISPerfume/ISP392-ISPerfumeNew/web/cart.jsp</file>
        </group>
        <group>
            <file>file:/D:/ISP392-ISPerfume/ISP392-ISPerfumeNew/web/productDetail.jsp</file>
            <file>file:/D:/ISP392-ISPerfume/ISP392-ISPerfumeNew/web/STAFF_BlogManagement.jsp</file>
            <file>file:/D:/ISP392-ISPerfume/ISP392-ISPerfumeNew/web/signin.jsp</file>
            <file>file:/D:/ISP392-ISPerfume/ISP392-ISPerfumeNew/web/profile.jsp</file>
            <file>file:/D:/ISP392-ISPerfume/ISP392-ISPerfumeNew/web/blog.jsp</file>
            <file>file:/D:/ISP392-ISPerfume/ISP392-ISPerfumeNew/web/cart.jsp</file>
        </group>
        <group>
            <file>file:/D:/ISP392-ISPerfume/ISP392-ISPerfumeNew/web/productDetail.jsp</file>
            <file>file:/D:/ISP392-ISPerfume/ISP392-ISPerfumeNew/web/STAFF_BlogManagement.jsp</file>
            <file>file:/D:/ISP392-ISPerfume/ISP392-ISPerfumeNew/web/shopping.jsp</file>
            <file>file:/D:/ISP392-ISPerfume/ISP392-ISPerfumeNew/web/signin.jsp</file>
            <file>file:/D:/ISP392-ISPerfume/ISP392-ISPerfumeNew/web/profile.jsp</file>
            <file>file:/D:/ISP392-ISPerfume/ISP392-ISPerfumeNew/web/AD_CreateAccount.jsp</file>
            <file>file:/D:/ISP392-ISPerfume/ISP392-ISPerfumeNew/web/AD_AccountManagement.jsp</file>
            <file>file:/D:/ISP392-ISPerfume/ISP392-ISPerfumeNew/web/home.jsp</file>
            <file>file:/D:/ISP392-ISPerfume/ISP392-ISPerfumeNew/web/blog.jsp</file>
            <file>file:/D:/ISP392-ISPerfume/ISP392-ISPerfumeNew/web/MGR_CreateBrand.jsp</file>
            <file>file:/D:/ISP392-ISPerfume/ISP392-ISPerfumeNew/web/cart.jsp</file>
        </group>
        <group>
            <file>file:/D:/ISP392-ISPerfume/ISP392-ISPerfumeNew/web/productDetail.jsp</file>
            <file>file:/D:/ISP392-ISPerfume/ISP392-ISPerfumeNew/web/shopping.jsp</file>
            <file>file:/D:/ISP392-ISPerfume/ISP392-ISPerfumeNew/web/signin.jsp</file>
            <file>file:/D:/ISP392-ISPerfume/ISP392-ISPerfumeNew/web/checkoutSuccess.jsp</file>
            <file>file:/D:/ISP392-ISPerfume/ISP392-ISPerfumeNew/web/shoppingSearch.jsp</file>
            <file>file:/D:/ISP392-ISPerfume/ISP392-ISPerfumeNew/web/viewOrderDetail.jsp</file>
            <file>file:/D:/ISP392-ISPerfume/ISP392-ISPerfumeNew/web/AD_CreateAccount.jsp</file>
            <file>file:/D:/ISP392-ISPerfume/ISP392-ISPerfumeNew/web/AD_AccountManagement.jsp</file>
        </group>
        <group>
            <file>file:/D:/ISP_Project/ISP392-ISPerfume/ISP392-ISPerfumeNew/src/java/isp392/controllers/NavigateToCheckOutController.java</file>
            <file>file:/D:/ISP_Project/ISP392-ISPerfume/ISP392-ISPerfumeNew/web/WEB-INF/web.xml</file>
            <file>file:/D:/ISP_Project/ISP392-ISPerfume/ISP392-ISPerfumeNew/src/java/isp392/controllers/UpdateCheckOutProfileController.java</file>
        </group>
        <group>
            <file>file:/D:/ISP_Project/ISP392-ISPerfume/ISP392-ISPerfumeNew/src/java/isp392/controllers/NavigateToCheckOutController.java</file>
            <file>file:/D:/ISP_Project/ISP392-ISPerfume/ISP392-ISPerfumeNew/src/java/isp392/controllers/UpdateCheckOutProfileController.java</file>
        </group>
        <group>
            <file>file:/D:/ISP_Project/ISP392-ISPerfume/ISP392-ISPerfumeNew/src/java/isp392/controllers/NavigateToCartController.java</file>
            <file>file:/D:/ISP_Project/ISP392-ISPerfume/ISP392-ISPerfumeNew/web/checkout.jsp</file>
            <file>file:/D:/ISP_Project/ISP392-ISPerfume/ISP392-ISPerfumeNew/src/java/isp392/controllers/NavigateToCheckOutController.java</file>
            <file>file:/D:/ISP_Project/ISP392-ISPerfume/ISP392-ISPerfumeNew/src/java/isp392/controllers/UpdateCheckOutProfileController.java</file>
        </group>
        <group>
            <file>file:/D:/ISP_Project/ISP392-ISPerfume/ISP392-ISPerfumeNew/src/java/isp392/controllers/NavigateToCartController.java</file>
            <file>file:/D:/ISP_Project/ISP392-ISPerfume/ISP392-ISPerfumeNew/web/checkout.jsp</file>
            <file>file:/D:/ISP_Project/ISP392-ISPerfume/ISP392-ISPerfumeNew/src/java/isp392/controllers/NavigateToCheckOutController.java</file>
            <file>file:/D:/ISP_Project/ISP392-ISPerfume/ISP392-ISPerfumeNew/src/java/isp392/controllers/SigninEmployee.java</file>
            <file>file:/D:/ISP_Project/ISP392-ISPerfume/ISP392-ISPerfumeNew/src/java/isp392/controllers/UpdateCheckOutProfileController.java</file>
            <file>file:/D:/ISP_Project/ISP392-ISPerfume/ISP392-ISPerfumeNew/src/java/isp392/controllers/NavigateToCartTest.java</file>
        </group>
        <group>
            <file>file:/D:/ISP_Project/ISP392-ISPerfume/ISP392-ISPerfumeNew/src/java/isp392/controllers/CODCheckOutController.java</file>
            <file>file:/D:/ISP_Project/ISP392-ISPerfume/ISP392-ISPerfumeNew/src/java/isp392/controllers/ApplyVoucherController.java</file>
            <file>file:/D:/ISP_Project/ISP392-ISPerfume/ISP392-ISPerfumeNew/src/java/isp392/controllers/NavigateToCartController.java</file>
            <file>file:/D:/ISP_Project/ISP392-ISPerfume/ISP392-ISPerfumeNew/web/checkout.jsp</file>
            <file>file:/D:/ISP_Project/ISP392-ISPerfume/ISP392-ISPerfumeNew/src/java/isp392/controllers/NavigateToCheckOutController.java</file>
            <file>file:/D:/ISP_Project/ISP392-ISPerfume/ISP392-ISPerfumeNew/src/java/isp392/controllers/checkOrderQuantityController.java</file>
            <file>file:/D:/ISP_Project/ISP392-ISPerfume/ISP392-ISPerfumeNew/src/java/isp392/controllers/checkOutController.java</file>
        </group>
        <group>
            <file>file:/D:/ISP_Project/ISP392-ISPerfume/ISP392-ISPerfumeNew/src/java/isp392/controllers/CODCheckOutController.java</file>
            <file>file:/D:/ISP_Project/ISP392-ISPerfume/ISP392-ISPerfumeNew/src/java/isp392/controllers/NavigateToCartController.java</file>
            <file>file:/D:/ISP_Project/ISP392-ISPerfume/ISP392-ISPerfumeNew/src/java/isp392/controllers/NavigateToCheckOutController.java</file>
            <file>file:/D:/ISP_Project/ISP392-ISPerfume/ISP392-ISPerfumeNew/web/checkout.jsp</file>
            <file>file:/D:/ISP_Project/ISP392-ISPerfume/ISP392-ISPerfumeNew/src/java/isp392/order/OrderDAO.java</file>
            <file>file:/D:/ISP_Project/ISP392-ISPerfume/ISP392-ISPerfumeNew/src/java/isp392/promotion/PromotionDTO.java</file>
            <file>file:/D:/ISP_Project/ISP392-ISPerfume/ISP392-ISPerfumeNew/src/java/isp392/controllers/SigninEmployee.java</file>
            <file>file:/D:/ISP_Project/ISP392-ISPerfume/ISP392-ISPerfumeNew/src/java/isp392/controllers/checkOrderQuantityController.java</file>
            <file>file:/D:/ISP_Project/ISP392-ISPerfume/ISP392-ISPerfumeNew/src/java/isp392/controllers/checkOutController.java</file>
        </group>
        <group>
            <file>file:/C:/Games/ISP392-ISPerfume/ISP392-ISPerfumeNew/src/java/isp392/controllers/ForgetPasswordController.java</file>
            <file>file:/C:/Games/ISP392-ISPerfume/ISP392-ISPerfumeNew/src/java/isp392/controllers/SendEmailController.java</file>
            <file>file:/C:/Games/ISP392-ISPerfume/ISP392-ISPerfumeNew/web/STAFF_OrderManagement.jsp</file>
            <file>file:/C:/Games/ISP392-ISPerfume/ISP392-ISPerfumeNew/src/java/isp392/controllers/ChangePasswordController.java</file>
            <file>file:/C:/Games/ISP392-ISPerfume/ISP392-ISPerfumeNew/src/java/isp392/controllers/checkOutController.java</file>
            <file>file:/C:/Games/ISP392-ISPerfume/ISP392-ISPerfumeNew/web/MGR_ProductManagement.jsp</file>
            <file>file:/C:/Games/ISP392-ISPerfume/ISP392-ISPerfumeNew/src/java/isp392/controllers/AssignShipperStaffController.java</file>
        </group>
        <group>
            <file>file:/D:/ISP_Project/ISP392-ISPerfume/ISP392-ISPerfumeNew/src/java/isp392/controllers/DeleteCartController.java</file>
            <file>file:/D:/ISP_Project/ISP392-ISPerfume/ISP392-ISPerfumeNew/web/shopping.jsp</file>
            <file>file:/D:/ISP_Project/ISP392-ISPerfume/ISP392-ISPerfumeNew/src/java/isp392/controllers/CategoryController.java</file>
            <file>file:/D:/ISP_Project/ISP392-ISPerfume/ISP392-ISPerfumeNew/src/java/isp392/controllers/NavigateToCartController.java</file>
            <file>file:/D:/ISP_Project/ISP392-ISPerfume/ISP392-ISPerfumeNew/src/java/isp392/controllers/HomeController.java</file>
            <file>file:/D:/ISP_Project/ISP392-ISPerfume/ISP392-ISPerfumeNew/src/java/isp392/controllers/AddToCartController.java</file>
            <file>file:/D:/ISP_Project/ISP392-ISPerfume/ISP392-ISPerfumeNew/web/home.jsp</file>
            <file>file:/D:/ISP_Project/ISP392-ISPerfume/ISP392-ISPerfumeNew/web/cart.jsp</file>
            <file>file:/D:/ISP_Project/ISP392-ISPerfume/ISP392-ISPerfumeNew/web/blog.jsp</file>
        </group>
        <group>
            <file>file:/D:/ISP_Project/ISP392-ISPerfume/ISP392-ISPerfumeNew/web/shopping.jsp</file>
            <file>file:/D:/ISP_Project/ISP392-ISPerfume/ISP392-ISPerfumeNew/src/java/isp392/controllers/CategoryController.java</file>
            <file>file:/D:/ISP_Project/ISP392-ISPerfume/ISP392-ISPerfumeNew/src/java/isp392/controllers/NavigateToCheckOutController.java</file>
            <file>file:/D:/ISP_Project/ISP392-ISPerfume/ISP392-ISPerfumeNew/web/checkout.jsp</file>
            <file>file:/D:/ISP_Project/ISP392-ISPerfume/ISP392-ISPerfumeNew/src/java/isp392/controllers/HomeController.java</file>
            <file>file:/D:/ISP_Project/ISP392-ISPerfume/ISP392-ISPerfumeNew/src/java/isp392/controllers/SizeFilterController.java</file>
            <file>file:/D:/ISP_Project/ISP392-ISPerfume/ISP392-ISPerfumeNew/src/java/isp392/controllers/checkOutController.java</file>
        </group>
        <group>
            <file>file:/D:/ISP_Project/ISP392-ISPerfume/ISP392-ISPerfumeNew/web/shopping.jsp</file>
            <file>file:/D:/ISP_Project/ISP392-ISPerfume/ISP392-ISPerfumeNew/src/java/isp392/controllers/CategoryController.java</file>
            <file>file:/D:/ISP_Project/ISP392-ISPerfume/ISP392-ISPerfumeNew/web/productDetail.jsp</file>
            <file>file:/D:/ISP_Project/ISP392-ISPerfume/ISP392-ISPerfumeNew/src/java/isp392/controllers/BrandFilterController.java</file>
            <file>file:/D:/ISP_Project/ISP392-ISPerfume/ISP392-ISPerfumeNew/src/java/isp392/product/ViewProductDTO.java</file>
            <file>file:/D:/ISP_Project/ISP392-ISPerfume/ISP392-ISPerfumeNew/src/java/isp392/controllers/HomeController.java</file>
            <file>file:/D:/ISP_Project/ISP392-ISPerfume/ISP392-ISPerfumeNew/src/java/isp392/product/ProductDAO.java</file>
            <file>file:/D:/ISP_Project/ISP392-ISPerfume/ISP392-ISPerfumeNew/web/home.jsp</file>
            <file>file:/D:/ISP_Project/ISP392-ISPerfume/ISP392-ISPerfumeNew/src/java/isp392/brand/ViewBrandByCateDTO.java</file>
            <file>file:/D:/ISP_Project/ISP392-ISPerfume/ISP392-ISPerfumeNew/src/java/isp392/category/CategoryDTO.java</file>
        </group>
        <group>
            <file>file:/D:/ISP392-ISPerfume/ISP392-ISPerfumeNew/web/productDetail.jsp</file>
            <file>file:/D:/ISP392-ISPerfume/ISP392-ISPerfumeNew/web/shopping.jsp</file>
            <file>file:/D:/ISP392-ISPerfume/ISP392-ISPerfumeNew/web/signin.jsp</file>
            <file>file:/D:/ISP392-ISPerfume/ISP392-ISPerfumeNew/web/checkoutSuccess.jsp</file>
            <file>file:/D:/ISP392-ISPerfume/ISP392-ISPerfumeNew/web/shoppingSearch.jsp</file>
            <file>file:/D:/ISP392-ISPerfume/ISP392-ISPerfumeNew/web/viewOrderDetail.jsp</file>
            <file>file:/D:/ISP392-ISPerfume/ISP392-ISPerfumeNew/web/AD_CreateAccount.jsp</file>
            <file>file:/D:/ISP392-ISPerfume/ISP392-ISPerfumeNew/web/AD_AccountManagement.jsp</file>
        </group>
        <group>
            <file>file:/D:/ISP392-ISPerfume/ISP392-ISPerfumeNew/web/shopping.jsp</file>
            <file>file:/D:/ISP392-ISPerfume/ISP392-ISPerfumeNew/web/productDetail.jsp</file>
            <file>file:/D:/ISP392-ISPerfume/ISP392-ISPerfumeNew/web/profile.jsp</file>
            <file>file:/D:/ISP392-ISPerfume/ISP392-ISPerfumeNew/web/checkout.jsp</file>
            <file>file:/D:/ISP392-ISPerfume/ISP392-ISPerfumeNew/web/home.jsp</file>
            <file>file:/D:/ISP392-ISPerfume/ISP392-ISPerfumeNew/web/cart.jsp</file>
        </group>
        <group>
            <file>file:/D:/ISP_Project/ISP392-ISPerfume/ISP392-ISPerfumeNew/web/shopping.jsp</file>
        </group>
        <group>
            <file>file:/C:/Games/ISP392-ISPerfume/ISP392-ISPerfumeNew/src/java/isp392/controllers/AscendingProductByPriceController.java</file>
            <file>file:/C:/Games/ISP392-ISPerfume/ISP392-ISPerfumeNew/web/checkoutSuccess.jsp</file>
            <file>file:/C:/Games/ISP392-ISPerfume/ISP392-ISPerfumeNew/src/java/isp392/controllers/DescendingProductByPriceController.java</file>
            <file>file:/C:/Games/ISP392-ISPerfume/ISP392-ISPerfumeNew/src/java/isp392/product/ProductDAO.java</file>
            <file>file:/C:/Games/ISP392-ISPerfume/ISP392-ISPerfumeNew/src/java/isp392/controllers/MainController.java</file>
            <file>file:/C:/Games/ISP392-ISPerfume/ISP392-ISPerfumeNew/web/viewOrderDetail.jsp</file>
            <file>file:/C:/Games/ISP392-ISPerfume/ISP392-ISPerfumeNew/src/java/isp392/controllers/CODCheckOutController.java</file>
        </group>
        <group>
            <file>file:/C:/Games/ISP392-ISPerfume/ISP392-ISPerfumeNew/src/java/isp392/controllers/CreateProductManager.java</file>
            <file>file:/C:/Games/ISP392-ISPerfume/ISP392-ISPerfumeNew/web/MGR_Dashboard.jsp</file>
            <file>file:/C:/Games/ISP392-ISPerfume/ISP392-ISPerfumeNew/src/java/isp392/controllers/MainController.java</file>
            <file>file:/C:/Games/ISP392-ISPerfume/ISP392-ISPerfumeNew/web/MGR_CreateProductDetail.jsp</file>
        </group>
        <group>
            <file>file:/C:/Games/ISP392-ISPerfume/ISP392-ISPerfumeNew/web/SHIPPER_OrderDetailManagement.jsp</file>
            <file>file:/C:/Games/ISP392-ISPerfume/ISP392-ISPerfumeNew/web/MGR_CreatePromotion.jsp</file>
            <file>file:/C:/Games/ISP392-ISPerfume/ISP392-ISPerfumeNew/web/MGR_CreateProduct.jsp</file>
            <file>file:/C:/Games/ISP392-ISPerfume/ISP392-ISPerfumeNew/web/MGR_Dashboard.jsp</file>
            <file>file:/C:/Games/ISP392-ISPerfume/ISP392-ISPerfumeNew/web/MGR_PromotionManagement.jsp</file>
            <file>file:/C:/Games/ISP392-ISPerfume/ISP392-ISPerfumeNew/web/MGR_BrandManagement.jsp</file>
            <file>file:/C:/Games/ISP392-ISPerfume/ISP392-ISPerfumeNew/web/MGR_ProductDetailManagement.jsp</file>
            <file>file:/C:/Games/ISP392-ISPerfume/ISP392-ISPerfumeNew/web/MGR_CreateBrand.jsp</file>
            <file>file:/C:/Games/ISP392-ISPerfume/ISP392-ISPerfumeNew/src/java/isp392/controllers/ShowAllBlogManager.java</file>
            <file>file:/C:/Games/ISP392-ISPerfume/ISP392-ISPerfumeNew/web/MGR_ProductManagement.jsp</file>
            <file>file:/C:/Games/ISP392-ISPerfume/ISP392-ISPerfumeNew/web/MGR_CreateProductDetail.jsp</file>
        </group>
        <group>
            <file>file:/C:/Games/ISP392-ISPerfume/ISP392-ISPerfumeNew/web/shopping.jsp</file>
            <file>file:/C:/Games/ISP392-ISPerfume/ISP392-ISPerfumeNew/web/MGR_CreatePromotion.jsp</file>
            <file>file:/C:/Games/ISP392-ISPerfume/ISP392-ISPerfumeNew/web/MGR_CreateProduct.jsp</file>
            <file>file:/C:/Games/ISP392-ISPerfume/ISP392-ISPerfumeNew/web/MGR_CreateBrand.jsp</file>
            <file>file:/C:/Games/ISP392-ISPerfume/ISP392-ISPerfumeNew/src/java/isp392/controllers/ShowAllBlogManager.java</file>
            <file>file:/C:/Games/ISP392-ISPerfume/ISP392-ISPerfumeNew/web/orderStatus.jsp</file>
            <file>file:/C:/Games/ISP392-ISPerfume/ISP392-ISPerfumeNew/web/blog.jsp</file>
            <file>file:/C:/Games/ISP392-ISPerfume/ISP392-ISPerfumeNew/web/singleBlog.jsp</file>
            <file>file:/C:/Games/ISP392-ISPerfume/ISP392-ISPerfumeNew/web/MGR_Dashboard.jsp</file>
            <file>file:/C:/Games/ISP392-ISPerfume/ISP392-ISPerfumeNew/web/checkoutSuccess.jsp</file>
            <file>file:/C:/Games/ISP392-ISPerfume/ISP392-ISPerfumeNew/web/checkout.jsp</file>
            <file>file:/C:/Games/ISP392-ISPerfume/ISP392-ISPerfumeNew/web/shoppingSearch.jsp</file>
            <file>file:/C:/Games/ISP392-ISPerfume/ISP392-ISPerfumeNew/web/SHIPPER_OrderDetailManagement.jsp</file>
            <file>file:/C:/Games/ISP392-ISPerfume/ISP392-ISPerfumeNew/web/forgotPassword.jsp</file>
            <file>file:/C:/Games/ISP392-ISPerfume/ISP392-ISPerfumeNew/src/java/isp392/controllers/NavigateProductDetailController.java</file>
            <file>file:/C:/Games/ISP392-ISPerfume/ISP392-ISPerfumeNew/web/MGR_PromotionManagement.jsp</file>
            <file>file:/C:/Games/ISP392-ISPerfume/ISP392-ISPerfumeNew/web/MGR_BrandManagement.jsp</file>
            <file>file:/C:/Games/ISP392-ISPerfume/ISP392-ISPerfumeNew/web/MGR_ProductDetailManagement.jsp</file>
            <file>file:/C:/Games/ISP392-ISPerfume/ISP392-ISPerfumeNew/src/java/isp392/controllers/MainController.java</file>
            <file>file:/C:/Games/ISP392-ISPerfume/ISP392-ISPerfumeNew/web/MGR_ProductManagement.jsp</file>
            <file>file:/C:/Games/ISP392-ISPerfume/ISP392-ISPerfumeNew/web/signup.jsp</file>
            <file>file:/C:/Games/ISP392-ISPerfume/ISP392-ISPerfumeNew/src/java/isp392/controllers/NavigateRelatedProductDetailController.java</file>
            <file>file:/C:/Games/ISP392-ISPerfume/ISP392-ISPerfumeNew/web/changePassword.jsp</file>
            <file>file:/C:/Games/ISP392-ISPerfume/ISP392-ISPerfumeNew/web/signin.jsp</file>
            <file>file:/C:/Games/ISP392-ISPerfume/ISP392-ISPerfumeNew/web/cart.jsp</file>
            <file>file:/C:/Games/ISP392-ISPerfume/ISP392-ISPerfumeNew/web/productDetail.jsp</file>
            <file>file:/C:/Games/ISP392-ISPerfume/ISP392-ISPerfumeNew/web/MGR_CreateProductDetail.jsp</file>
        </group>
        <group>
            <file>file:/C:/Games/ISP392-ISPerfume/ISP392-ISPerfumeNew/web/shopping.jsp</file>
            <file>file:/C:/Games/ISP392-ISPerfume/ISP392-ISPerfumeNew/web/MGR_CreatePromotion.jsp</file>
            <file>file:/C:/Games/ISP392-ISPerfume/ISP392-ISPerfumeNew/web/MGR_CreateProduct.jsp</file>
            <file>file:/C:/Games/ISP392-ISPerfume/ISP392-ISPerfumeNew/web/MGR_CreateBrand.jsp</file>
            <file>file:/C:/Games/ISP392-ISPerfume/ISP392-ISPerfumeNew/src/java/isp392/controllers/ShowAllBlogManager.java</file>
            <file>file:/C:/Games/ISP392-ISPerfume/ISP392-ISPerfumeNew/web/orderStatus.jsp</file>
            <file>file:/C:/Games/ISP392-ISPerfume/ISP392-ISPerfumeNew/web/blog.jsp</file>
            <file>file:/C:/Games/ISP392-ISPerfume/ISP392-ISPerfumeNew/web/singleBlog.jsp</file>
            <file>file:/C:/Games/ISP392-ISPerfume/ISP392-ISPerfumeNew/web/MGR_Dashboard.jsp</file>
            <file>file:/C:/Games/ISP392-ISPerfume/ISP392-ISPerfumeNew/web/checkoutSuccess.jsp</file>
            <file>file:/C:/Games/ISP392-ISPerfume/ISP392-ISPerfumeNew/web/checkout.jsp</file>
            <file>file:/C:/Games/ISP392-ISPerfume/ISP392-ISPerfumeNew/web/shoppingSearch.jsp</file>
            <file>file:/C:/Games/ISP392-ISPerfume/ISP392-ISPerfumeNew/web/SHIPPER_OrderDetailManagement.jsp</file>
            <file>file:/C:/Games/ISP392-ISPerfume/ISP392-ISPerfumeNew/web/forgotPassword.jsp</file>
            <file>file:/C:/Games/ISP392-ISPerfume/ISP392-ISPerfumeNew/src/java/isp392/controllers/NavigateProductDetailController.java</file>
            <file>file:/C:/Games/ISP392-ISPerfume/ISP392-ISPerfumeNew/web/MGR_PromotionManagement.jsp</file>
            <file>file:/C:/Games/ISP392-ISPerfume/ISP392-ISPerfumeNew/web/MGR_BrandManagement.jsp</file>
            <file>file:/C:/Games/ISP392-ISPerfume/ISP392-ISPerfumeNew/web/MGR_ProductDetailManagement.jsp</file>
            <file>file:/C:/Games/ISP392-ISPerfume/ISP392-ISPerfumeNew/src/java/isp392/controllers/MainController.java</file>
            <file>file:/C:/Games/ISP392-ISPerfume/ISP392-ISPerfumeNew/web/MGR_ProductManagement.jsp</file>
            <file>file:/C:/Games/ISP392-ISPerfume/ISP392-ISPerfumeNew/web/signup.jsp</file>
            <file>file:/C:/Games/ISP392-ISPerfume/ISP392-ISPerfumeNew/src/java/isp392/controllers/NavigateRelatedProductDetailController.java</file>
            <file>file:/C:/Games/ISP392-ISPerfume/ISP392-ISPerfumeNew/web/changePassword.jsp</file>
            <file>file:/C:/Games/ISP392-ISPerfume/ISP392-ISPerfumeNew/web/signin.jsp</file>
            <file>file:/C:/Games/ISP392-ISPerfume/ISP392-ISPerfumeNew/web/cart.jsp</file>
            <file>file:/C:/Games/ISP392-ISPerfume/ISP392-ISPerfumeNew/web/productDetail.jsp</file>
            <file>file:/C:/Games/ISP392-ISPerfume/ISP392-ISPerfumeNew/web/MGR_CreateProductDetail.jsp</file>
        </group>
        <group>
            <file>file:/C:/Games/ISP392-ISPerfume/ISP392-ISPerfumeNew/web/shopping.jsp</file>
            <file>file:/C:/Games/ISP392-ISPerfume/ISP392-ISPerfumeNew/web/MGR_CreatePromotion.jsp</file>
            <file>file:/C:/Games/ISP392-ISPerfume/ISP392-ISPerfumeNew/web/MGR_CreateProduct.jsp</file>
            <file>file:/C:/Games/ISP392-ISPerfume/ISP392-ISPerfumeNew/web/MGR_CreateBrand.jsp</file>
            <file>file:/C:/Games/ISP392-ISPerfume/ISP392-ISPerfumeNew/src/java/isp392/controllers/ShowAllBlogManager.java</file>
            <file>file:/C:/Games/ISP392-ISPerfume/ISP392-ISPerfumeNew/web/orderStatus.jsp</file>
            <file>file:/C:/Games/ISP392-ISPerfume/ISP392-ISPerfumeNew/web/blog.jsp</file>
            <file>file:/C:/Games/ISP392-ISPerfume/ISP392-ISPerfumeNew/web/singleBlog.jsp</file>
            <file>file:/C:/Games/ISP392-ISPerfume/ISP392-ISPerfumeNew/web/MGR_Dashboard.jsp</file>
            <file>file:/C:/Games/ISP392-ISPerfume/ISP392-ISPerfumeNew/web/checkoutSuccess.jsp</file>
            <file>file:/C:/Games/ISP392-ISPerfume/ISP392-ISPerfumeNew/web/checkout.jsp</file>
            <file>file:/C:/Games/ISP392-ISPerfume/ISP392-ISPerfumeNew/web/shoppingSearch.jsp</file>
            <file>file:/C:/Games/ISP392-ISPerfume/ISP392-ISPerfumeNew/web/SHIPPER_OrderDetailManagement.jsp</file>
            <file>file:/C:/Games/ISP392-ISPerfume/ISP392-ISPerfumeNew/web/forgotPassword.jsp</file>
            <file>file:/C:/Games/ISP392-ISPerfume/ISP392-ISPerfumeNew/src/java/isp392/controllers/NavigateProductDetailController.java</file>
            <file>file:/C:/Games/ISP392-ISPerfume/ISP392-ISPerfumeNew/web/MGR_PromotionManagement.jsp</file>
            <file>file:/C:/Games/ISP392-ISPerfume/ISP392-ISPerfumeNew/web/MGR_BrandManagement.jsp</file>
            <file>file:/C:/Games/ISP392-ISPerfume/ISP392-ISPerfumeNew/web/MGR_ProductDetailManagement.jsp</file>
            <file>file:/C:/Games/ISP392-ISPerfume/ISP392-ISPerfumeNew/src/java/isp392/controllers/MainController.java</file>
            <file>file:/C:/Games/ISP392-ISPerfume/ISP392-ISPerfumeNew/web/MGR_ProductManagement.jsp</file>
            <file>file:/C:/Games/ISP392-ISPerfume/ISP392-ISPerfumeNew/web/signup.jsp</file>
            <file>file:/C:/Games/ISP392-ISPerfume/ISP392-ISPerfumeNew/src/java/isp392/controllers/NavigateRelatedProductDetailController.java</file>
            <file>file:/C:/Games/ISP392-ISPerfume/ISP392-ISPerfumeNew/web/changePassword.jsp</file>
            <file>file:/C:/Games/ISP392-ISPerfume/ISP392-ISPerfumeNew/web/signin.jsp</file>
            <file>file:/C:/Games/ISP392-ISPerfume/ISP392-ISPerfumeNew/web/cart.jsp</file>
            <file>file:/C:/Games/ISP392-ISPerfume/ISP392-ISPerfumeNew/web/productDetail.jsp</file>
            <file>file:/C:/Games/ISP392-ISPerfume/ISP392-ISPerfumeNew/web/MGR_CreateProductDetail.jsp</file>
        </group>
        <group>
            <file>file:/C:/Games/ISP392-ISPerfume/ISP392-ISPerfumeNew/web/shopping.jsp</file>
            <file>file:/C:/Games/ISP392-ISPerfume/ISP392-ISPerfumeNew/web/MGR_CreatePromotion.jsp</file>
            <file>file:/C:/Games/ISP392-ISPerfume/ISP392-ISPerfumeNew/web/MGR_CreateProduct.jsp</file>
            <file>file:/C:/Games/ISP392-ISPerfume/ISP392-ISPerfumeNew/web/MGR_CreateBrand.jsp</file>
            <file>file:/C:/Games/ISP392-ISPerfume/ISP392-ISPerfumeNew/src/java/isp392/controllers/ShowAllBlogManager.java</file>
            <file>file:/C:/Games/ISP392-ISPerfume/ISP392-ISPerfumeNew/web/orderStatus.jsp</file>
            <file>file:/C:/Games/ISP392-ISPerfume/ISP392-ISPerfumeNew/web/blog.jsp</file>
            <file>file:/C:/Games/ISP392-ISPerfume/ISP392-ISPerfumeNew/web/singleBlog.jsp</file>
            <file>file:/C:/Games/ISP392-ISPerfume/ISP392-ISPerfumeNew/web/MGR_Dashboard.jsp</file>
            <file>file:/C:/Games/ISP392-ISPerfume/ISP392-ISPerfumeNew/src/java/isp392/controllers/ZaloPaymentController.java</file>
            <file>file:/C:/Games/ISP392-ISPerfume/ISP392-ISPerfumeNew/web/checkoutSuccess.jsp</file>
            <file>file:/C:/Games/ISP392-ISPerfume/ISP392-ISPerfumeNew/web/checkout.jsp</file>
            <file>file:/C:/Games/ISP392-ISPerfume/ISP392-ISPerfumeNew/src/java/isp392/controllers/NavigateToCartController.java</file>
            <file>file:/C:/Games/ISP392-ISPerfume/ISP392-ISPerfumeNew/web/shoppingSearch.jsp</file>
            <file>file:/C:/Games/ISP392-ISPerfume/ISP392-ISPerfumeNew/web/SHIPPER_OrderDetailManagement.jsp</file>
            <file>file:/C:/Games/ISP392-ISPerfume/ISP392-ISPerfumeNew/src/java/isp392/controllers/SendEmailController.java</file>
            <file>file:/C:/Games/ISP392-ISPerfume/ISP392-ISPerfumeNew/web/forgotPassword.jsp</file>
            <file>file:/C:/Games/ISP392-ISPerfume/ISP392-ISPerfumeNew/src/java/isp392/controllers/NavigateProductDetailController.java</file>
            <file>file:/C:/Games/ISP392-ISPerfume/ISP392-ISPerfumeNew/web/MGR_PromotionManagement.jsp</file>
            <file>file:/C:/Games/ISP392-ISPerfume/ISP392-ISPerfumeNew/web/MGR_BrandManagement.jsp</file>
            <file>file:/C:/Games/ISP392-ISPerfume/ISP392-ISPerfumeNew/web/MGR_ProductDetailManagement.jsp</file>
            <file>file:/C:/Games/ISP392-ISPerfume/ISP392-ISPerfumeNew/src/java/isp392/controllers/NavigateZaloPayment.java</file>
            <file>file:/C:/Games/ISP392-ISPerfume/ISP392-ISPerfumeNew/src/java/isp392/controllers/MainController.java</file>
            <file>file:/C:/Games/ISP392-ISPerfume/ISP392-ISPerfumeNew/src/java/isp392/controllers/SHIPPER_UpdateStatusOrderController.java</file>
            <file>file:/C:/Games/ISP392-ISPerfume/ISP392-ISPerfumeNew/web/MGR_ProductManagement.jsp</file>
            <file>file:/C:/Games/ISP392-ISPerfume/ISP392-ISPerfumeNew/web/signup.jsp</file>
            <file>file:/C:/Games/ISP392-ISPerfume/ISP392-ISPerfumeNew/src/java/isp392/controllers/NavigateRelatedProductDetailController.java</file>
            <file>file:/C:/Games/ISP392-ISPerfume/ISP392-ISPerfumeNew/src/java/isp392/product/ProductDetailDAO.java</file>
            <file>file:/C:/Games/ISP392-ISPerfume/ISP392-ISPerfumeNew/web/changePassword.jsp</file>
            <file>file:/C:/Games/ISP392-ISPerfume/ISP392-ISPerfumeNew/web/signin.jsp</file>
            <file>file:/C:/Games/ISP392-ISPerfume/ISP392-ISPerfumeNew/web/cart.jsp</file>
            <file>file:/C:/Games/ISP392-ISPerfume/ISP392-ISPerfumeNew/web/productDetail.jsp</file>
            <file>file:/C:/Games/ISP392-ISPerfume/ISP392-ISPerfumeNew/src/java/isp392/controllers/VerifyOTPController.java</file>
            <file>file:/C:/Games/ISP392-ISPerfume/ISP392-ISPerfumeNew/web/MGR_CreateProductDetail.jsp</file>
        </group>
    </open-files>
</project-private>
